{
  "count": 19,
  "next": null,
  "previous": null,
  "results": [
    {
      "id": 4,
      "name": "Action",
      "slug": "action",
      "games_count": 160701,
      "image_background": "https://media.rawg.io/media/games/4be/4be6a6ad0364751a96229c56bf69be59.jpg",
      "games": [
        {
          "id": 3498,
          "slug": "grand-theft-auto-v",
          "name": "Grand Theft Auto V",
          "added": 17950
        },
        {
          "id": 3328,
          "slug": "the-witcher-3-wild-hunt",
          "name": "The Witcher 3: Wild Hunt",
          "added": 16774
        },
        {
          "id": 5286,
          "slug": "tomb-raider",
          "name": "Tomb Raider (2013)",
          "added": 14080
        },
        {
          "id": 4291,
          "slug": "counter-strike-global-offensive",
          "name": "Counter-Strike: Global Offensive",
          "added": 13643
        },
        {
          "id": 5679,
          "slug": "the-elder-scrolls-v-skyrim",
          "name": "The Elder Scrolls V: Skyrim",
          "added": 13609
        },
        {
          "id": 12020,
          "slug": "left-4-dead-2",
          "name": "Left 4 Dead 2",
          "added": 13462
        }
      ]
    },
    {
      "id": 51,
      "name": "Indie",
      "slug": "indie",
      "games_count": 46985,
      "image_background": "https://media.rawg.io/media/games/63f/63f0e68688cad279ed38cde931dbfcdb.jpg",
      "games": [
        {
          "id": 1030,
          "slug": "limbo",
          "name": "Limbo",
          "added": 11632
        },
        {
          "id": 3272,
          "slug": "rocket-league",
          "name": "Rocket League",
          "added": 10534
        },
        {
          "id": 422,
          "slug": "terraria",
          "name": "Terraria",
          "added": 10044
        },
        {
          "id": 3612,
          "slug": "hotline-miami",
          "name": "Hotline Miami",
          "added": 8828
        },
        {
          "id": 9767,
          "slug": "hollow-knight",
          "name": "Hollow Knight",
          "added": 8703
        },
        {
          "id": 3790,
          "slug": "outlast",
          "name": "Outlast",
          "added": 8699
        }
      ]
    },
    {
      "id": 3,
      "name": "Adventure",
      "slug": "adventure",
      "games_count": 121992,
      "image_background": "https://media.rawg.io/media/games/4e6/4e6e8e7f50c237d76f38f3c885dae3d2.jpg",
      "games": [
        {
          "id": 3498,
          "slug": "grand-theft-auto-v",
          "name": "Grand Theft Auto V",
          "added": 17950
        },
        {
          "id": 3328,
          "slug": "the-witcher-3-wild-hunt",
          "name": "The Witcher 3: Wild Hunt",
          "added": 16774
        },
        {
          "id": 5286,
          "slug": "tomb-raider",
          "name": "Tomb Raider (2013)",
          "added": 14080
        },
        {
          "id": 13536,
          "slug": "portal",
          "name": "Portal",
          "added": 13349
        },
        {
          "id": 3439,
          "slug": "life-is-strange-episode-1-2",
          "name": "Life is Strange",
          "added": 12960
        },
        {
          "id": 28,
          "slug": "red-dead-redemption-2",
          "name": "Red Dead Redemption 2",
          "added": 12634
        }
      ]
    },
    {
      "id": 5,
      "name": "RPG",
      "slug": "role-playing-games-rpg",
      "games_count": 48997,
      "image_background": "https://media.rawg.io/media/games/da1/da1b267764d77221f07a4386b6548e5a.jpg",
      "games": [
        {
          "id": 3328,
          "slug": "the-witcher-3-wild-hunt",
          "name": "The Witcher 3: Wild Hunt",
          "added": 16774
        },
        {
          "id": 5679,
          "slug": "the-elder-scrolls-v-skyrim",
          "name": "The Elder Scrolls V: Skyrim",
          "added": 13609
        },
        {
          "id": 802,
          "slug": "borderlands-2",
          "name": "Borderlands 2",
          "added": 12945
        },
        {
          "id": 3070,
          "slug": "fallout-4",
          "name": "Fallout 4",
          "added": 11224
        },
        {
          "id": 58175,
          "slug": "god-of-war-2",
          "name": "God of War",
          "added": 11049
        },
        {
          "id": 278,
          "slug": "horizon-zero-dawn",
          "name": "Horizon Zero Dawn",
          "added": 10675
        }
      ]
    },
    {
      "id": 10,
      "name": "Strategy",
      "slug": "strategy",
      "games_count": 48908,
      "image_background": "https://media.rawg.io/media/games/25c/25c4776ab5723d5d735d8bf617ca12d9.jpg",
      "games": [
        {
          "id": 13633,
          "slug": "civilization-v",
          "name": "Sid Meier's Civilization V",
          "added": 8032
        },
        {
          "id": 10243,
          "slug": "company-of-heroes-2",
          "name": "Company of Heroes 2",
          "added": 7838
        },
        {
          "id": 13910,
          "slug": "xcom-enemy-unknown",
          "name": "XCOM: Enemy Unknown",
          "added": 7169
        },
        {
          "id": 5525,
          "slug": "brutal-legend",
          "name": "Brutal Legend",
          "added": 7131
        },
        {
          "id": 10065,
          "slug": "cities-skylines",
          "name": "Cities: Skylines",
          "added": 6789
        },
        {
          "id": 10340,
          "slug": "crusader-kings-ii",
          "name": "Crusader Kings II",
          "added": 6250
        }
      ]
    },
    {
      "id": 2,
      "name": "Shooter",
      "slug": "shooter",
      "games_count": 56103,
      "image_background": "https://media.rawg.io/media/games/198/1988a337305e008b41d7f536ce9b73f6.jpg",
      "games": [
        {
          "id": 4200,
          "slug": "portal-2",
          "name": "Portal 2",
          "added": 15742
        },
        {
          "id": 4291,
          "slug": "counter-strike-global-offensive",
          "name": "Counter-Strike: Global Offensive",
          "added": 13643
        },
        {
          "id": 12020,
          "slug": "left-4-dead-2",
          "name": "Left 4 Dead 2",
          "added": 13462
        },
        {
          "id": 4062,
          "slug": "bioshock-infinite",
          "name": "BioShock Infinite",
          "added": 13049
        },
        {
          "id": 802,
          "slug": "borderlands-2",
          "name": "Borderlands 2",
          "added": 12945
        },
        {
          "id": 13537,
          "slug": "half-life-2",
          "name": "Half-Life 2",
          "added": 12048
        }
      ]
    },
    {
      "id": 40,
      "name": "Casual",
      "slug": "casual",
      "games_count": 40221,
      "image_background": "https://media.rawg.io/media/screenshots/d68/d684c5ec81b8ea46bfd4b5c3bae4007f.jpg",
      "games": [
        {
          "id": 9721,
          "slug": "garrys-mod",
          "name": "Garry's Mod",
          "added": 7916
        },
        {
          "id": 326292,
          "slug": "fall-guys",
          "name": "Fall Guys: Ultimate Knockout",
          "added": 6855
        },
        {
          "id": 9830,
          "slug": "brawlhalla",
          "name": "Brawlhalla",
          "added": 5882
        },
        {
          "id": 356714,
          "slug": "among-us",
          "name": "Among Us",
          "added": 5450
        },
        {
          "id": 1959,
          "slug": "goat-simulator",
          "name": "Goat Simulator",
          "added": 5308
        },
        {
          "id": 16343,
          "slug": "a-story-about-my-uncle",
          "name": "A Story About My Uncle",
          "added": 5083
        }
      ]
    },
    {
      "id": 14,
      "name": "Simulation",
      "slug": "simulation",
      "games_count": 60863,
      "image_background": "https://media.rawg.io/media/games/6bc/6bc79f5bc023b1e6938f6eaf9926f073.jpg",
      "games": [
        {
          "id": 10035,
          "slug": "hitman",
          "name": "Hitman",
          "added": 9122
        },
        {
          "id": 9721,
          "slug": "garrys-mod",
          "name": "Garry's Mod",
          "added": 7916
        },
        {
          "id": 10243,
          "slug": "company-of-heroes-2",
          "name": "Company of Heroes 2",
          "added": 7838
        },
        {
          "id": 654,
          "slug": "stardew-valley",
          "name": "Stardew Valley",
          "added": 7818
        },
        {
          "id": 9882,
          "slug": "dont-starve-together",
          "name": "Don't Starve Together",
          "added": 7399
        },
        {
          "id": 10065,
          "slug": "cities-skylines",
          "name": "Cities: Skylines",
          "added": 6789
        }
      ]
    },
    {
      "id": 7,
      "name": "Puzzle",
      "slug": "puzzle",
      "games_count": 91144,
      "image_background": "https://media.rawg.io/media/games/d03/d030347839f74454afcd1008248b08ae.jpg",
      "games": [
        {
          "id": 4200,
          "slug": "portal-2",
          "name": "Portal 2",
          "added": 15742
        },
        {
          "id": 13536,
          "slug": "portal",
          "name": "Portal",
          "added": 13349
        },
        {
          "id": 1030,
          "slug": "limbo",
          "name": "Limbo",
          "added": 11632
        },
        {
          "id": 19709,
          "slug": "half-life-2-episode-two",
          "name": "Half-Life 2: Episode Two",
          "added": 8956
        },
        {
          "id": 18080,
          "slug": "half-life",
          "name": "Half-Life",
          "added": 8184
        },
        {
          "id": 1450,
          "slug": "inside",
          "name": "INSIDE",
          "added": 6537
        }
      ]
    },
    {
      "id": 11,
      "name": "Arcade",
      "slug": "arcade",
      "games_count": 22515,
      "image_background": "https://media.rawg.io/media/games/a57/a57e3c73ca46cbf55b526c828e3545c0.jpg",
      "games": [
        {
          "id": 3612,
          "slug": "hotline-miami",
          "name": "Hotline Miami",
          "added": 8828
        },
        {
          "id": 17540,
          "slug": "injustice-gods-among-us-ultimate-edition",
          "name": "Injustice: Gods Among Us Ultimate Edition",
          "added": 8078
        },
        {
          "id": 22509,
          "slug": "minecraft",
          "name": "Minecraft",
          "added": 6624
        },
        {
          "id": 4003,
          "slug": "grid-2",
          "name": "GRID 2",
          "added": 6440
        },
        {
          "id": 3408,
          "slug": "hotline-miami-2-wrong-number",
          "name": "Hotline Miami 2: Wrong Number",
          "added": 5112
        },
        {
          "id": 16343,
          "slug": "a-story-about-my-uncle",
          "name": "A Story About My Uncle",
          "added": 5083
        }
      ]
    },
    {
      "id": 83,
      "name": "Platformer",
      "slug": "platformer",
      "games_count": 94025,
      "image_background": "https://media.rawg.io/media/games/2ae/2aedae90b1377a0f3e5ce54d24f8e41a.jpg",
      "games": [
        {
          "id": 1030,
          "slug": "limbo",
          "name": "Limbo",
          "added": 11632
        },
        {
          "id": 422,
          "slug": "terraria",
          "name": "Terraria",
          "added": 10044
        },
        {
          "id": 9767,
          "slug": "hollow-knight",
          "name": "Hollow Knight",
          "added": 8703
        },
        {
          "id": 41,
          "slug": "little-nightmares",
          "name": "Little Nightmares",
          "added": 8614
        },
        {
          "id": 18080,
          "slug": "half-life",
          "name": "Half-Life",
          "added": 8184
        },
        {
          "id": 3144,
          "slug": "super-meat-boy",
          "name": "Super Meat Boy",
          "added": 8149
        }
      ]
    },
    {
      "id": 1,
      "name": "Racing",
      "slug": "racing",
      "games_count": 22771,
      "image_background": "https://media.rawg.io/media/games/8f3/8f306808c45a4dbe0cd698e0b142af08.jpg",
      "games": [
        {
          "id": 3272,
          "slug": "rocket-league",
          "name": "Rocket League",
          "added": 10534
        },
        {
          "id": 4003,
          "slug": "grid-2",
          "name": "GRID 2",
          "added": 6440
        },
        {
          "id": 2572,
          "slug": "dirt-rally",
          "name": "DiRT Rally",
          "added": 5752
        },
        {
          "id": 58753,
          "slug": "forza-horizon-4",
          "name": "Forza Horizon 4",
          "added": 4935
        },
        {
          "id": 5578,
          "slug": "grid",
          "name": "Race Driver: Grid",
          "added": 4713
        },
        {
          "id": 4347,
          "slug": "dirt-showdown",
          "name": "DiRT Showdown",
          "added": 4142
        }
      ]
    },
    {
      "id": 59,
      "name": "Massively Multiplayer",
      "slug": "massively-multiplayer",
      "games_count": 2991,
      "image_background": "https://media.rawg.io/media/games/1bd/1bd2657b81eb0c99338120ad444b24ff.jpg",
      "games": [
        {
          "id": 32,
          "slug": "destiny-2",
          "name": "Destiny 2",
          "added": 11189
        },
        {
          "id": 10213,
          "slug": "dota-2",
          "name": "Dota 2",
          "added": 10253
        },
        {
          "id": 766,
          "slug": "warframe",
          "name": "Warframe",
          "added": 10078
        },
        {
          "id": 290856,
          "slug": "apex-legends",
          "name": "Apex Legends",
          "added": 8623
        },
        {
          "id": 10533,
          "slug": "path-of-exile",
          "name": "Path of Exile",
          "added": 8035
        },
        {
          "id": 362,
          "slug": "for-honor",
          "name": "For Honor",
          "added": 7980
        }
      ]
    },
    {
      "id": 15,
      "name": "Sports",
      "slug": "sports",
      "games_count": 19622,
      "image_background": "https://media.rawg.io/media/screenshots/3ea/3ea3f535b2a779ca5cd2e466a2f8abba.jpg",
      "games": [
        {
          "id": 3272,
          "slug": "rocket-league",
          "name": "Rocket League",
          "added": 10534
        },
        {
          "id": 326292,
          "slug": "fall-guys",
          "name": "Fall Guys: Ultimate Knockout",
          "added": 6855
        },
        {
          "id": 2572,
          "slug": "dirt-rally",
          "name": "DiRT Rally",
          "added": 5752
        },
        {
          "id": 53341,
          "slug": "jet-set-radio-2012",
          "name": "Jet Set Radio",
          "added": 4513
        },
        {
          "id": 715,
          "slug": "steep",
          "name": "Steep",
          "added": 3513
        },
        {
          "id": 9575,
          "slug": "vrchat",
          "name": "VRChat",
          "added": 3500
        }
      ]
    },
    {
      "id": 6,
      "name": "Fighting",
      "slug": "fighting",
      "games_count": 10900,
      "image_background": "https://media.rawg.io/media/games/416/4164ca654a339af5be8e63cc9c480c70.jpg",
      "games": [
        {
          "id": 17540,
          "slug": "injustice-gods-among-us-ultimate-edition",
          "name": "Injustice: Gods Among Us Ultimate Edition",
          "added": 8078
        },
        {
          "id": 108,
          "slug": "mortal-kombat-x",
          "name": "Mortal Kombat X",
          "added": 7463
        },
        {
          "id": 28179,
          "slug": "sega-mega-drive-and-genesis-classics",
          "name": "SEGA Mega Drive and Genesis Classics",
          "added": 6866
        },
        {
          "id": 9830,
          "slug": "brawlhalla",
          "name": "Brawlhalla",
          "added": 5882
        },
        {
          "id": 274480,
          "slug": "mortal-kombat-11",
          "name": "Mortal Kombat 11",
          "added": 4189
        },
        {
          "id": 44525,
          "slug": "yakuza-kiwami",
          "name": "Yakuza Kiwami",
          "added": 3736
        }
      ]
    },
    {
      "id": 19,
      "name": "Family",
      "slug": "family",
      "games_count": 5370,
      "image_background": "https://media.rawg.io/media/games/199/1996ab6448cadb2ce4bea31536466333.jpg",
      "games": [
        {
          "id": 3254,
          "slug": "journey",
          "name": "Journey",
          "added": 7404
        },
        {
          "id": 2597,
          "slug": "lego-lord-of-the-rings",
          "name": "LEGO The Lord of the Rings",
          "added": 4624
        },
        {
          "id": 3350,
          "slug": "broken-age",
          "name": "Broken Age",
          "added": 4392
        },
        {
          "id": 3729,
          "slug": "lego-the-hobbit",
          "name": "LEGO The Hobbit",
          "added": 4227
        },
        {
          "id": 1259,
          "slug": "machinarium",
          "name": "Machinarium",
          "added": 3865
        },
        {
          "id": 1140,
          "slug": "world-of-goo",
          "name": "World of Goo",
          "added": 3834
        }
      ]
    },
    {
      "id": 28,
      "name": "Board Games",
      "slug": "board-games",
      "games_count": 8181,
      "image_background": "https://media.rawg.io/media/screenshots/8ff/8ffe8f19d2e764867c8ed625ddf4e368.jpg",
      "games": [
        {
          "id": 23557,
          "slug": "gwent-the-witcher-card-game",
          "name": "Gwent: The Witcher Card Game",
          "added": 3860
        },
        {
          "id": 327999,
          "slug": "dota-underlords",
          "name": "Dota Underlords",
          "added": 3304
        },
        {
          "id": 2055,
          "slug": "adventure-capitalist",
          "name": "AdVenture Capitalist",
          "added": 2786
        },
        {
          "id": 2306,
          "slug": "poker-night-2",
          "name": "Poker Night 2",
          "added": 1825
        },
        {
          "id": 3187,
          "slug": "armello",
          "name": "Armello",
          "added": 1706
        },
        {
          "id": 758,
          "slug": "hue",
          "name": "Hue",
          "added": 1619
        }
      ]
    },
    {
      "id": 34,
      "name": "Educational",
      "slug": "educational",
      "games_count": 14166,
      "image_background": "https://media.rawg.io/media/screenshots/31d/31d70d348acf9924a218ddcb80c171be.jpg",
      "games": [
        {
          "id": 1358,
          "slug": "papers-please",
          "name": "Papers, Please",
          "added": 5609
        },
        {
          "id": 1140,
          "slug": "world-of-goo",
          "name": "World of Goo",
          "added": 3834
        },
        {
          "id": 2778,
          "slug": "surgeon-simulator-cpr",
          "name": "Surgeon Simulator",
          "added": 3337
        },
        {
          "id": 9768,
          "slug": "gameguru",
          "name": "GameGuru",
          "added": 2109
        },
        {
          "id": 13777,
          "slug": "sid-meiers-civilization-iv-colonization",
          "name": "Sid Meier's Civilization IV: Colonization",
          "added": 1995
        },
        {
          "id": 6885,
          "slug": "pirates-3",
          "name": "Sid Meier's Pirates!",
          "added": 1868
        }
      ]
    },
    {
      "id": 17,
      "name": "Card",
      "slug": "card",
      "games_count": 4357,
      "image_background": "https://media.rawg.io/media/games/98b/98b1b87e86a815c23efe902fce598e54.jpg",
      "games": [
        {
          "id": 23557,
          "slug": "gwent-the-witcher-card-game",
          "name": "Gwent: The Witcher Card Game",
          "added": 3860
        },
        {
          "id": 28121,
          "slug": "slay-the-spire",
          "name": "Slay the Spire",
          "added": 3748
        },
        {
          "id": 18852,
          "slug": "poker-night-at-the-inventory",
          "name": "Poker Night at the Inventory",
          "added": 2439
        },
        {
          "id": 8923,
          "slug": "faeria",
          "name": "Faeria",
          "added": 1907
        },
        {
          "id": 2306,
          "slug": "poker-night-2",
          "name": "Poker Night 2",
          "added": 1825
        },
        {
          "id": 332,
          "slug": "the-elder-scrolls-legends",
          "name": "The Elder Scrolls: Legends",
          "added": 1781
        }
      ]
    }
  ]
}