{
  "count": 0,
  "next": "string",
  "previous": "string",
  "results": [
    {
      "id": 0,
      "slug": "string",
      "name": "string",
      "released": "2022-09-05",
      "tba": true,
      "background_image": "string",
      "rating": 0,
      "rating_top": 0,
      "ratings": {},
      "ratings_count": 0,
      "reviews_text_count": "string",
      "added": 0,
      "added_by_status": {},
      "metacritic": 0,
      "playtime": 0,
      "suggestions_count": 0,
      "updated": "2022-09-05T05:48:00.170Z",
      "esrb_rating": {
        "id": 0,
        "slug": "everyone",
        "name": "Everyone"
      },
      "platforms": [
        {
          "platform": {
            "id": 0,
            "slug": "string",
            "name": "string"
          },
          "released_at": "string",
          "requirements": {
            "minimum": "string",
            "recommended": "string"
          }
        }
      ]
    }
  ]
}