{
  "count": 51,
  "next": "https://api.rawg.io/api/platforms?key=0f8d95788d644ba9ac601311b87d302d&page=2",
  "previous": null,
  "results": [
    {
      "id": 4,
      "name": "PC",
      "slug": "pc",
      "games_count": 478530,
      "image_background": "https://media.rawg.io/media/games/d58/d588947d4286e7b5e0e12e1bea7d9844.jpg",
      "image": null,
      "year_start": null,
      "year_end": null,
      "games": [
        {
          "id": 3498,
          "slug": "grand-theft-auto-v",
          "name": "Grand Theft Auto V",
          "added": 17950
        },
        {
          "id": 3328,
          "slug": "the-witcher-3-wild-hunt",
          "name": "The Witcher 3: Wild Hunt",
          "added": 16774
        },
        {
          "id": 4200,
          "slug": "portal-2",
          "name": "Portal 2",
          "added": 15744
        },
        {
          "id": 5286,
          "slug": "tomb-raider",
          "name": "Tomb Raider (2013)",
          "added": 14082
        },
        {
          "id": 4291,
          "slug": "counter-strike-global-offensive",
          "name": "Counter-Strike: Global Offensive",
          "added": 13644
        },
        {
          "id": 5679,
          "slug": "the-elder-scrolls-v-skyrim",
          "name": "The Elder Scrolls V: Skyrim",
          "added": 13609
        }
      ]
    },
    {
      "id": 187,
      "name": "PlayStation 5",
      "slug": "playstation5",
      "games_count": 663,
      "image_background": "https://media.rawg.io/media/games/618/618c2031a07bbff6b4f611f10b6bcdbc.jpg",
      "image": null,
      "year_start": 2020,
      "year_end": null,
      "games": [
        {
          "id": 3498,
          "slug": "grand-theft-auto-v",
          "name": "Grand Theft Auto V",
          "added": 17950
        },
        {
          "id": 3328,
          "slug": "the-witcher-3-wild-hunt",
          "name": "The Witcher 3: Wild Hunt",
          "added": 16774
        },
        {
          "id": 32,
          "slug": "destiny-2",
          "name": "Destiny 2",
          "added": 11189
        },
        {
          "id": 58175,
          "slug": "god-of-war-2",
          "name": "God of War",
          "added": 11048
        },
        {
          "id": 766,
          "slug": "warframe",
          "name": "Warframe",
          "added": 10079
        },
        {
          "id": 41494,
          "slug": "cyberpunk-2077",
          "name": "Cyberpunk 2077",
          "added": 9714
        }
      ]
    },
    {
      "id": 1,
      "name": "Xbox One",
      "slug": "xbox-one",
      "games_count": 5385,
      "image_background": "https://media.rawg.io/media/games/fc1/fc1307a2774506b5bd65d7e8424664a7.jpg",
      "image": null,
      "year_start": null,
      "year_end": null,
      "games": [
        {
          "id": 3498,
          "slug": "grand-theft-auto-v",
          "name": "Grand Theft Auto V",
          "added": 17950
        },
        {
          "id": 3328,
          "slug": "the-witcher-3-wild-hunt",
          "name": "The Witcher 3: Wild Hunt",
          "added": 16774
        },
        {
          "id": 4200,
          "slug": "portal-2",
          "name": "Portal 2",
          "added": 15744
        },
        {
          "id": 5286,
          "slug": "tomb-raider",
          "name": "Tomb Raider (2013)",
          "added": 14082
        },
        {
          "id": 4062,
          "slug": "bioshock-infinite",
          "name": "BioShock Infinite",
          "added": 13048
        },
        {
          "id": 3439,
          "slug": "life-is-strange-episode-1-2",
          "name": "Life is Strange",
          "added": 12960
        }
      ]
    },
    {
      "id": 18,
      "name": "PlayStation 4",
      "slug": "playstation4",
      "games_count": 6463,
      "image_background": "https://media.rawg.io/media/games/d1a/d1a2e99ade53494c6330a0ed945fe823.jpg",
      "image": null,
      "year_start": null,
      "year_end": null,
      "games": [
        {
          "id": 3498,
          "slug": "grand-theft-auto-v",
          "name": "Grand Theft Auto V",
          "added": 17950
        },
        {
          "id": 3328,
          "slug": "the-witcher-3-wild-hunt",
          "name": "The Witcher 3: Wild Hunt",
          "added": 16774
        },
        {
          "id": 5286,
          "slug": "tomb-raider",
          "name": "Tomb Raider (2013)",
          "added": 14082
        },
        {
          "id": 4062,
          "slug": "bioshock-infinite",
          "name": "BioShock Infinite",
          "added": 13048
        },
        {
          "id": 3439,
          "slug": "life-is-strange-episode-1-2",
          "name": "Life is Strange",
          "added": 12960
        },
        {
          "id": 802,
          "slug": "borderlands-2",
          "name": "Borderlands 2",
          "added": 12945
        }
      ]
    },
    {
      "id": 186,
      "name": "Xbox Series S/X",
      "slug": "xbox-series-x",
      "games_count": 599,
      "image_background": "https://media.rawg.io/media/games/d47/d479582ed0a46496ad34f65c7099d7e5.jpg",
      "image": null,
      "year_start": 2020,
      "year_end": null,
      "games": [
        {
          "id": 3498,
          "slug": "grand-theft-auto-v",
          "name": "Grand Theft Auto V",
          "added": 17950
        },
        {
          "id": 3328,
          "slug": "the-witcher-3-wild-hunt",
          "name": "The Witcher 3: Wild Hunt",
          "added": 16774
        },
        {
          "id": 32,
          "slug": "destiny-2",
          "name": "Destiny 2",
          "added": 11189
        },
        {
          "id": 766,
          "slug": "warframe",
          "name": "Warframe",
          "added": 10079
        },
        {
          "id": 41494,
          "slug": "cyberpunk-2077",
          "name": "Cyberpunk 2077",
          "added": 9714
        },
        {
          "id": 58812,
          "slug": "control",
          "name": "Control",
          "added": 7504
        }
      ]
    },
    {
      "id": 7,
      "name": "Nintendo Switch",
      "slug": "nintendo-switch",
      "games_count": 4955,
      "image_background": "https://media.rawg.io/media/games/b72/b7233d5d5b1e75e86bb860ccc7aeca85.jpg",
      "image": null,
      "year_start": null,
      "year_end": null,
      "games": [
        {
          "id": 3328,
          "slug": "the-witcher-3-wild-hunt",
          "name": "The Witcher 3: Wild Hunt",
          "added": 16774
        },
        {
          "id": 5679,
          "slug": "the-elder-scrolls-v-skyrim",
          "name": "The Elder Scrolls V: Skyrim",
          "added": 13609
        },
        {
          "id": 4062,
          "slug": "bioshock-infinite",
          "name": "BioShock Infinite",
          "added": 13048
        },
        {
          "id": 4286,
          "slug": "bioshock",
          "name": "BioShock",
          "added": 11906
        },
        {
          "id": 1030,
          "slug": "limbo",
          "name": "Limbo",
          "added": 11633
        },
        {
          "id": 2454,
          "slug": "doom",
          "name": "DOOM (2016)",
          "added": 11338
        }
      ]
    },
    {
      "id": 3,
      "name": "iOS",
      "slug": "ios",
      "games_count": 75240,
      "image_background": "https://media.rawg.io/media/games/6a2/6a2e48933245e2cd3c92248c75c925e1.jpg",
      "image": null,
      "year_start": null,
      "year_end": null,
      "games": [
        {
          "id": 3439,
          "slug": "life-is-strange-episode-1-2",
          "name": "Life is Strange",
          "added": 12960
        },
        {
          "id": 4286,
          "slug": "bioshock",
          "name": "BioShock",
          "added": 11906
        },
        {
          "id": 1030,
          "slug": "limbo",
          "name": "Limbo",
          "added": 11633
        },
        {
          "id": 422,
          "slug": "terraria",
          "name": "Terraria",
          "added": 10046
        },
        {
          "id": 23027,
          "slug": "the-walking-dead",
          "name": "The Walking Dead: Season 1",
          "added": 9742
        },
        {
          "id": 416,
          "slug": "grand-theft-auto-san-andreas",
          "name": "Grand Theft Auto: San Andreas",
          "added": 9353
        }
      ]
    },
    {
      "id": 21,
      "name": "Android",
      "slug": "android",
      "games_count": 50391,
      "image_background": "https://media.rawg.io/media/games/b4e/b4e4c73d5aa4ec66bbf75375c4847a2b.jpg",
      "image": null,
      "year_start": null,
      "year_end": null,
      "games": [
        {
          "id": 13536,
          "slug": "portal",
          "name": "Portal",
          "added": 13350
        },
        {
          "id": 3439,
          "slug": "life-is-strange-episode-1-2",
          "name": "Life is Strange",
          "added": 12960
        },
        {
          "id": 13537,
          "slug": "half-life-2",
          "name": "Half-Life 2",
          "added": 12048
        },
        {
          "id": 1030,
          "slug": "limbo",
          "name": "Limbo",
          "added": 11633
        },
        {
          "id": 422,
          "slug": "terraria",
          "name": "Terraria",
          "added": 10046
        },
        {
          "id": 23027,
          "slug": "the-walking-dead",
          "name": "The Walking Dead: Season 1",
          "added": 9742
        }
      ]
    },
    {
      "id": 8,
      "name": "Nintendo 3DS",
      "slug": "nintendo-3ds",
      "games_count": 1759,
      "image_background": "https://media.rawg.io/media/games/0c1/0c1c9965ba59166ab986a663ab2252dc.jpg",
      "image": null,
      "year_start": null,
      "year_end": null,
      "games": [
        {
          "id": 422,
          "slug": "terraria",
          "name": "Terraria",
          "added": 10046
        },
        {
          "id": 22509,
          "slug": "minecraft",
          "name": "Minecraft",
          "added": 6625
        },
        {
          "id": 2597,
          "slug": "lego-lord-of-the-rings",
          "name": "LEGO The Lord of the Rings",
          "added": 4624
        },
        {
          "id": 250,
          "slug": "the-binding-of-isaac-rebirth",
          "name": "The Binding of Isaac: Rebirth",
          "added": 4508
        },
        {
          "id": 3729,
          "slug": "lego-the-hobbit",
          "name": "LEGO The Hobbit",
          "added": 4227
        },
        {
          "id": 4331,
          "slug": "sonic-generations",
          "name": "Sonic Generations",
          "added": 3557
        }
      ]
    },
    {
      "id": 9,
      "name": "Nintendo DS",
      "slug": "nintendo-ds",
      "games_count": 2459,
      "image_background": "https://media.rawg.io/media/screenshots/55f/55f3e8983c17a0ef9e6b18aedd4f6794.jpg",
      "image": null,
      "year_start": null,
      "year_end": null,
      "games": [
        {
          "id": 865,
          "slug": "call-of-duty-black-ops",
          "name": "Call of Duty: Black Ops",
          "added": 5797
        },
        {
          "id": 3486,
          "slug": "syberia",
          "name": "Syberia",
          "added": 5418
        },
        {
          "id": 5578,
          "slug": "grid",
          "name": "Race Driver: Grid",
          "added": 4713
        },
        {
          "id": 2597,
          "slug": "lego-lord-of-the-rings",
          "name": "LEGO The Lord of the Rings",
          "added": 4624
        },
        {
          "id": 4869,
          "slug": "tomb-raider-underworld",
          "name": "Tomb Raider: Underworld",
          "added": 3874
        },
        {
          "id": 5528,
          "slug": "call-of-duty-world-at-war",
          "name": "Call of Duty: World at War",
          "added": 3797
        }
      ]
    },
    {
      "id": 13,
      "name": "Nintendo DSi",
      "slug": "nintendo-dsi",
      "games_count": 37,
      "image_background": "https://media.rawg.io/media/screenshots/078/078629e997421ca28e9098bd7a87cb10.jpg",
      "image": null,
      "year_start": null,
      "year_end": null,
      "games": [
        {
          "id": 19309,
          "slug": "plants-vs-zombies-goty-edition",
          "name": "Plants vs. Zombies GOTY Edition",
          "added": 3057
        },
        {
          "id": 949,
          "slug": "cut-the-rope",
          "name": "Cut the Rope",
          "added": 539
        },
        {
          "id": 5463,
          "slug": "rayman",
          "name": "Rayman",
          "added": 256
        },
        {
          "id": 22727,
          "slug": "jagged-alliance",
          "name": "Jagged Alliance",
          "added": 118
        },
        {
          "id": 53802,
          "slug": "dragons-lair",
          "name": "Dragon's Lair",
          "added": 48
        },
        {
          "id": 25953,
          "slug": "mario-vs-donkey-kong-minis-march-again",
          "name": "Mario vs. Donkey Kong: Minis March Again!",
          "added": 34
        }
      ]
    },
    {
      "id": 5,
      "name": "macOS",
      "slug": "macos",
      "games_count": 97586,
      "image_background": "https://media.rawg.io/media/games/8d6/8d69eb6c32ed6acfd75f82d532144993.jpg",
      "image": null,
      "year_start": null,
      "year_end": null,
      "games": [
        {
          "id": 4200,
          "slug": "portal-2",
          "name": "Portal 2",
          "added": 15744
        },
        {
          "id": 5286,
          "slug": "tomb-raider",
          "name": "Tomb Raider (2013)",
          "added": 14082
        },
        {
          "id": 12020,
          "slug": "left-4-dead-2",
          "name": "Left 4 Dead 2",
          "added": 13461
        },
        {
          "id": 13536,
          "slug": "portal",
          "name": "Portal",
          "added": 13350
        },
        {
          "id": 3439,
          "slug": "life-is-strange-episode-1-2",
          "name": "Life is Strange",
          "added": 12960
        },
        {
          "id": 802,
          "slug": "borderlands-2",
          "name": "Borderlands 2",
          "added": 12945
        }
      ]
    },
    {
      "id": 6,
      "name": "Linux",
      "slug": "linux",
      "games_count": 71581,
      "image_background": "https://media.rawg.io/media/games/9fa/9fa63622543e5d4f6d99aa9d73b043de.jpg",
      "image": null,
      "year_start": null,
      "year_end": null,
      "games": [
        {
          "id": 4200,
          "slug": "portal-2",
          "name": "Portal 2",
          "added": 15744
        },
        {
          "id": 12020,
          "slug": "left-4-dead-2",
          "name": "Left 4 Dead 2",
          "added": 13461
        },
        {
          "id": 13536,
          "slug": "portal",
          "name": "Portal",
          "added": 13350
        },
        {
          "id": 4062,
          "slug": "bioshock-infinite",
          "name": "BioShock Infinite",
          "added": 13048
        },
        {
          "id": 3439,
          "slug": "life-is-strange-episode-1-2",
          "name": "Life is Strange",
          "added": 12960
        },
        {
          "id": 13537,
          "slug": "half-life-2",
          "name": "Half-Life 2",
          "added": 12048
        }
      ]
    },
    {
      "id": 14,
      "name": "Xbox 360",
      "slug": "xbox360",
      "games_count": 2774,
      "image_background": "https://media.rawg.io/media/games/562/562553814dd54e001a541e4ee83a591c.jpg",
      "image": null,
      "year_start": null,
      "year_end": null,
      "games": [
        {
          "id": 3498,
          "slug": "grand-theft-auto-v",
          "name": "Grand Theft Auto V",
          "added": 17950
        },
        {
          "id": 4200,
          "slug": "portal-2",
          "name": "Portal 2",
          "added": 15744
        },
        {
          "id": 5286,
          "slug": "tomb-raider",
          "name": "Tomb Raider (2013)",
          "added": 14082
        },
        {
          "id": 4291,
          "slug": "counter-strike-global-offensive",
          "name": "Counter-Strike: Global Offensive",
          "added": 13644
        },
        {
          "id": 5679,
          "slug": "the-elder-scrolls-v-skyrim",
          "name": "The Elder Scrolls V: Skyrim",
          "added": 13609
        },
        {
          "id": 12020,
          "slug": "left-4-dead-2",
          "name": "Left 4 Dead 2",
          "added": 13461
        }
      ]
    },
    {
      "id": 80,
      "name": "Xbox",
      "slug": "xbox-old",
      "games_count": 709,
      "image_background": "https://media.rawg.io/media/games/bc7/bc77b1eb8e35df2d90b952bac5342c75.jpg",
      "image": null,
      "year_start": null,
      "year_end": null,
      "games": [
        {
          "id": 13537,
          "slug": "half-life-2",
          "name": "Half-Life 2",
          "added": 12048
        },
        {
          "id": 416,
          "slug": "grand-theft-auto-san-andreas",
          "name": "Grand Theft Auto: San Andreas",
          "added": 9353
        },
        {
          "id": 430,
          "slug": "grand-theft-auto-vice-city",
          "name": "Grand Theft Auto: Vice City",
          "added": 7803
        },
        {
          "id": 19301,
          "slug": "counter-strike",
          "name": "Counter-Strike",
          "added": 7074
        },
        {
          "id": 2361,
          "slug": "psychonauts",
          "name": "Psychonauts",
          "added": 6878
        },
        {
          "id": 432,
          "slug": "grand-theft-auto-iii",
          "name": "Grand Theft Auto III",
          "added": 5948
        }
      ]
    },
    {
      "id": 16,
      "name": "PlayStation 3",
      "slug": "playstation3",
      "games_count": 3585,
      "image_background": "https://media.rawg.io/media/games/8d6/8d69eb6c32ed6acfd75f82d532144993.jpg",
      "image": null,
      "year_start": null,
      "year_end": null,
      "games": [
        {
          "id": 3498,
          "slug": "grand-theft-auto-v",
          "name": "Grand Theft Auto V",
          "added": 17950
        },
        {
          "id": 4200,
          "slug": "portal-2",
          "name": "Portal 2",
          "added": 15744
        },
        {
          "id": 5286,
          "slug": "tomb-raider",
          "name": "Tomb Raider (2013)",
          "added": 14082
        },
        {
          "id": 4291,
          "slug": "counter-strike-global-offensive",
          "name": "Counter-Strike: Global Offensive",
          "added": 13644
        },
        {
          "id": 5679,
          "slug": "the-elder-scrolls-v-skyrim",
          "name": "The Elder Scrolls V: Skyrim",
          "added": 13609
        },
        {
          "id": 13536,
          "slug": "portal",
          "name": "Portal",
          "added": 13350
        }
      ]
    },
    {
      "id": 15,
      "name": "PlayStation 2",
      "slug": "playstation2",
      "games_count": 1941,
      "image_background": "https://media.rawg.io/media/games/13a/13a528ac9cf48bbb6be5d35fe029336d.jpg",
      "image": null,
      "year_start": null,
      "year_end": null,
      "games": [
        {
          "id": 416,
          "slug": "grand-theft-auto-san-andreas",
          "name": "Grand Theft Auto: San Andreas",
          "added": 9353
        },
        {
          "id": 18080,
          "slug": "half-life",
          "name": "Half-Life",
          "added": 8184
        },
        {
          "id": 430,
          "slug": "grand-theft-auto-vice-city",
          "name": "Grand Theft Auto: Vice City",
          "added": 7803
        },
        {
          "id": 2361,
          "slug": "psychonauts",
          "name": "Psychonauts",
          "added": 6878
        },
        {
          "id": 432,
          "slug": "grand-theft-auto-iii",
          "name": "Grand Theft Auto III",
          "added": 5948
        },
        {
          "id": 56184,
          "slug": "resident-evil-4",
          "name": "Resident Evil 4 (2005)",
          "added": 5510
        }
      ]
    },
    {
      "id": 27,
      "name": "PlayStation",
      "slug": "playstation1",
      "games_count": 1593,
      "image_background": "https://media.rawg.io/media/screenshots/c9c/c9c4e6d1792b5e12676819f3b57e5e26.jpeg",
      "image": null,
      "year_start": null,
      "year_end": null,
      "games": [
        {
          "id": 5159,
          "slug": "resident-evil-2",
          "name": "Resident Evil 2 (1998)",
          "added": 4897
        },
        {
          "id": 5193,
          "slug": "oddworld-abes-oddysee",
          "name": "Oddworld: Abe's Oddysee",
          "added": 4842
        },
        {
          "id": 3449,
          "slug": "resident-evil",
          "name": "Resident Evil",
          "added": 4386
        },
        {
          "id": 52939,
          "slug": "final-fantasy-vii",
          "name": "Final Fantasy VII (1997)",
          "added": 3483
        },
        {
          "id": 20569,
          "slug": "ufo-enemy-unknown",
          "name": "X-COM: UFO Defense",
          "added": 3026
        },
        {
          "id": 5488,
          "slug": "crash-bandicoot",
          "name": "Crash Bandicoot",
          "added": 2636
        }
      ]
    },
    {
      "id": 19,
      "name": "PS Vita",
      "slug": "ps-vita",
      "games_count": 1972,
      "image_background": "https://media.rawg.io/media/games/fd7/fd794a9f0ffe816038d981b3acc3eec9.jpg",
      "image": null,
      "year_start": null,
      "year_end": null,
      "games": [
        {
          "id": 1030,
          "slug": "limbo",
          "name": "Limbo",
          "added": 11633
        },
        {
          "id": 422,
          "slug": "terraria",
          "name": "Terraria",
          "added": 10046
        },
        {
          "id": 23027,
          "slug": "the-walking-dead",
          "name": "The Walking Dead: Season 1",
          "added": 9742
        },
        {
          "id": 3612,
          "slug": "hotline-miami",
          "name": "Hotline Miami",
          "added": 8828
        },
        {
          "id": 9767,
          "slug": "hollow-knight",
          "name": "Hollow Knight",
          "added": 8703
        },
        {
          "id": 3144,
          "slug": "super-meat-boy",
          "name": "Super Meat Boy",
          "added": 8150
        }
      ]
    },
    {
      "id": 17,
      "name": "PSP",
      "slug": "psp",
      "games_count": 1633,
      "image_background": "https://media.rawg.io/media/games/d64/d646810b629081cc12aec49ed9f49441.jpg",
      "image": null,
      "year_start": null,
      "year_end": null,
      "games": [
        {
          "id": 430,
          "slug": "grand-theft-auto-vice-city",
          "name": "Grand Theft Auto: Vice City",
          "added": 7803
        },
        {
          "id": 5159,
          "slug": "resident-evil-2",
          "name": "Resident Evil 2 (1998)",
          "added": 4897
        },
        {
          "id": 5193,
          "slug": "oddworld-abes-oddysee",
          "name": "Oddworld: Abe's Oddysee",
          "added": 4842
        },
        {
          "id": 13886,
          "slug": "star-wars-battlefront-ii-2",
          "name": "STAR WARS Battlefront 2 (2005)",
          "added": 3933
        },
        {
          "id": 52939,
          "slug": "final-fantasy-vii",
          "name": "Final Fantasy VII (1997)",
          "added": 3483
        },
        {
          "id": 5298,
          "slug": "tomb-raider-legend",
          "name": "Tomb Raider: Legend",
          "added": 3428
        }
      ]
    },
    {
      "id": 10,
      "name": "Wii U",
      "slug": "wii-u",
      "games_count": 1266,
      "image_background": "https://media.rawg.io/media/games/85c/85c8ae70e7cdf0105f06ef6bdce63b8b.jpg",
      "image": null,
      "year_start": null,
      "year_end": null,
      "games": [
        {
          "id": 422,
          "slug": "terraria",
          "name": "Terraria",
          "added": 10046
        },
        {
          "id": 3144,
          "slug": "super-meat-boy",
          "name": "Super Meat Boy",
          "added": 8150
        },
        {
          "id": 3841,
          "slug": "assassins-creed-iv-black-flag",
          "name": "Assassin’s Creed IV: Black Flag",
          "added": 7871
        },
        {
          "id": 3687,
          "slug": "watch-dogs",
          "name": "Watch Dogs",
          "added": 6797
        },
        {
          "id": 22509,
          "slug": "minecraft",
          "name": "Minecraft",
          "added": 6625
        },
        {
          "id": 3876,
          "slug": "deus-ex-human-revolution-directors-cut",
          "name": "Deus Ex: Human Revolution - Director's Cut",
          "added": 6238
        }
      ]
    },
    {
      "id": 11,
      "name": "Wii",
      "slug": "wii",
      "games_count": 2355,
      "image_background": "https://media.rawg.io/media/games/3c1/3c139f67a73f0bf5ce0d8f2abf83c0d0.jpg",
      "image": null,
      "year_start": null,
      "year_end": null,
      "games": [
        {
          "id": 865,
          "slug": "call-of-duty-black-ops",
          "name": "Call of Duty: Black Ops",
          "added": 5797
        },
        {
          "id": 56184,
          "slug": "resident-evil-4",
          "name": "Resident Evil 4 (2005)",
          "added": 5510
        },
        {
          "id": 11276,
          "slug": "call-of-duty-modern-warfare-3",
          "name": "Call of Duty: Modern Warfare 3",
          "added": 5235
        },
        {
          "id": 2597,
          "slug": "lego-lord-of-the-rings",
          "name": "LEGO The Lord of the Rings",
          "added": 4624
        },
        {
          "id": 4869,
          "slug": "tomb-raider-underworld",
          "name": "Tomb Raider: Underworld",
          "added": 3874
        },
        {
          "id": 1140,
          "slug": "world-of-goo",
          "name": "World of Goo",
          "added": 3834
        }
      ]
    },
    {
      "id": 105,
      "name": "GameCube",
      "slug": "gamecube",
      "games_count": 640,
      "image_background": "https://media.rawg.io/media/games/33d/33d72d63a624f17431d39922359c7bf8.jpg",
      "image": null,
      "year_start": null,
      "year_end": null,
      "games": [
        {
          "id": 56184,
          "slug": "resident-evil-4",
          "name": "Resident Evil 4 (2005)",
          "added": 5510
        },
        {
          "id": 5159,
          "slug": "resident-evil-2",
          "name": "Resident Evil 2 (1998)",
          "added": 4897
        },
        {
          "id": 3449,
          "slug": "resident-evil",
          "name": "Resident Evil",
          "added": 4386
        },
        {
          "id": 19592,
          "slug": "hitman-2-silent-assassin",
          "name": "Hitman 2: Silent Assassin",
          "added": 3763
        },
        {
          "id": 5298,
          "slug": "tomb-raider-legend",
          "name": "Tomb Raider: Legend",
          "added": 3428
        },
        {
          "id": 12018,
          "slug": "star-wars-jedi-knight-ii-jedi-outcast",
          "name": "Star Wars Jedi Knight II: Jedi Outcast",
          "added": 2997
        }
      ]
    },
    {
      "id": 83,
      "name": "Nintendo 64",
      "slug": "nintendo-64",
      "games_count": 363,
      "image_background": "https://media.rawg.io/media/games/5a1/5a145fe3002fc988140f7f00edcb9715.jpg",
      "image": null,
      "year_start": null,
      "year_end": null,
      "games": [
        {
          "id": 5159,
          "slug": "resident-evil-2",
          "name": "Resident Evil 2 (1998)",
          "added": 4897
        },
        {
          "id": 54491,
          "slug": "quake",
          "name": "Quake",
          "added": 2590
        },
        {
          "id": 20466,
          "slug": "worms-armageddon",
          "name": "Worms Armageddon",
          "added": 2488
        },
        {
          "id": 54492,
          "slug": "quake-2",
          "name": "Quake II",
          "added": 2037
        },
        {
          "id": 25097,
          "slug": "the-legend-of-zelda-ocarina-of-time",
          "name": "The Legend of Zelda: Ocarina of Time",
          "added": 1420
        },
        {
          "id": 28532,
          "slug": "banjo-kazooie",
          "name": "Banjo-Kazooie",
          "added": 1348
        }
      ]
    },
    {
      "id": 24,
      "name": "Game Boy Advance",
      "slug": "game-boy-advance",
      "games_count": 960,
      "image_background": "https://media.rawg.io/media/games/02d/02da3c4a7c5cd335a9d45e24cdf1df6f.jpg",
      "image": null,
      "year_start": null,
      "year_end": null,
      "games": [
        {
          "id": 5159,
          "slug": "resident-evil-2",
          "name": "Resident Evil 2 (1998)",
          "added": 4897
        },
        {
          "id": 53341,
          "slug": "jet-set-radio-2012",
          "name": "Jet Set Radio",
          "added": 4514
        },
        {
          "id": 2518,
          "slug": "max-payne",
          "name": "Max Payne",
          "added": 4474
        },
        {
          "id": 17975,
          "slug": "doom-ii",
          "name": "DOOM II",
          "added": 2592
        },
        {
          "id": 19646,
          "slug": "splinter-cell",
          "name": "Tom Clancy's Splinter Cell",
          "added": 1787
        },
        {
          "id": 53446,
          "slug": "need-for-speed-underground-2-2",
          "name": "Need for Speed: Underground 2",
          "added": 1570
        }
      ]
    },
    {
      "id": 43,
      "name": "Game Boy Color",
      "slug": "game-boy-color",
      "games_count": 410,
      "image_background": "https://media.rawg.io/media/games/a1b/a1b2af4caa3c61f9922431baf1fca447.jpg",
      "image": null,
      "year_start": null,
      "year_end": null,
      "games": [
        {
          "id": 20466,
          "slug": "worms-armageddon",
          "name": "Worms Armageddon",
          "added": 2488
        },
        {
          "id": 57607,
          "slug": "metal-gear-solid-1",
          "name": "Metal Gear Solid",
          "added": 1771
        },
        {
          "id": 52997,
          "slug": "grand-theft-auto-2-1999",
          "name": "Grand Theft Auto 2",
          "added": 1651
        },
        {
          "id": 52998,
          "slug": "grand-theft-auto-1998",
          "name": "Grand Theft Auto",
          "added": 1578
        },
        {
          "id": 5192,
          "slug": "oddworld-abes-exoddus",
          "name": "Oddworld: Abe's Exoddus",
          "added": 1264
        },
        {
          "id": 25080,
          "slug": "super-mario-bros",
          "name": "Super Mario Bros.",
          "added": 1185
        }
      ]
    },
    {
      "id": 26,
      "name": "Game Boy",
      "slug": "game-boy",
      "games_count": 603,
      "image_background": "https://media.rawg.io/media/games/bb1/bb182c89b9d4e19b41e5d0f81caa0f42.jpg",
      "image": null,
      "year_start": null,
      "year_end": null,
      "games": [
        {
          "id": 5193,
          "slug": "oddworld-abes-oddysee",
          "name": "Oddworld: Abe's Oddysee",
          "added": 4842
        },
        {
          "id": 5383,
          "slug": "worms",
          "name": "Worms",
          "added": 1779
        },
        {
          "id": 54285,
          "slug": "mortal-kombat",
          "name": "Mortal Kombat",
          "added": 1637
        },
        {
          "id": 52998,
          "slug": "grand-theft-auto-1998",
          "name": "Grand Theft Auto",
          "added": 1578
        },
        {
          "id": 52175,
          "slug": "battletoads",
          "name": "Battletoads",
          "added": 1534
        },
        {
          "id": 14829,
          "slug": "turok",
          "name": "Turok: Dinosaur Hunter",
          "added": 1109
        }
      ]
    },
    {
      "id": 79,
      "name": "SNES",
      "slug": "snes",
      "games_count": 928,
      "image_background": "https://media.rawg.io/media/games/e9a/e9a782a3f40f0e53ab64c7018251053e.jpg",
      "image": null,
      "year_start": null,
      "year_end": null,
      "games": [
        {
          "id": 5383,
          "slug": "worms",
          "name": "Worms",
          "added": 1779
        },
        {
          "id": 54285,
          "slug": "mortal-kombat",
          "name": "Mortal Kombat",
          "added": 1637
        },
        {
          "id": 4005,
          "slug": "wolfenstein-3d",
          "name": "Wolfenstein 3D",
          "added": 1533
        },
        {
          "id": 24899,
          "slug": "super-mario-world",
          "name": "Super Mario World",
          "added": 1243
        },
        {
          "id": 52884,
          "slug": "doom-2",
          "name": "DOOM",
          "added": 1240
        },
        {
          "id": 1063,
          "slug": "final-fantasy-vi",
          "name": "FINAL FANTASY VI",
          "added": 1191
        }
      ]
    },
    {
      "id": 49,
      "name": "NES",
      "slug": "nes",
      "games_count": 955,
      "image_background": "https://media.rawg.io/media/games/154/154fea9689109f26c49c6a2db6263ef9.jpg",
      "image": null,
      "year_start": null,
      "year_end": null,
      "games": [
        {
          "id": 54122,
          "slug": "ultima-4-quest-of-the-avatar",
          "name": "Ultima IV: Quest of the Avatar",
          "added": 1729
        },
        {
          "id": 52175,
          "slug": "battletoads",
          "name": "Battletoads",
          "added": 1534
        },
        {
          "id": 25080,
          "slug": "super-mario-bros",
          "name": "Super Mario Bros.",
          "added": 1185
        },
        {
          "id": 24030,
          "slug": "super-mario-bros-3",
          "name": "Super Mario Bros. 3",
          "added": 960
        },
        {
          "id": 24881,
          "slug": "pac-man",
          "name": "Pac-Man",
          "added": 652
        },
        {
          "id": 24072,
          "slug": "the-legend-of-zelda",
          "name": "The Legend of Zelda",
          "added": 598
        }
      ]
    },
    {
      "id": 55,
      "name": "Classic Macintosh",
      "slug": "macintosh",
      "games_count": 675,
      "image_background": "https://media.rawg.io/media/games/35f/35f815a22c4678b4fe76073f0f56df8e.jpg",
      "image": null,
      "year_start": null,
      "year_end": null,
      "games": [
        {
          "id": 13554,
          "slug": "fallout-a-post-nuclear-role-playing-game",
          "name": "Fallout",
          "added": 6728
        },
        {
          "id": 2518,
          "slug": "max-payne",
          "name": "Max Payne",
          "added": 4474
        },
        {
          "id": 12018,
          "slug": "star-wars-jedi-knight-ii-jedi-outcast",
          "name": "Star Wars Jedi Knight II: Jedi Outcast",
          "added": 2997
        },
        {
          "id": 57908,
          "slug": "tomb-raider-ii",
          "name": "Tomb Raider II",
          "added": 2592
        },
        {
          "id": 17975,
          "slug": "doom-ii",
          "name": "DOOM II",
          "added": 2592
        },
        {
          "id": 15851,
          "slug": "star-wars-dark-forces-2",
          "name": "STAR WARS - Dark Forces",
          "added": 2545
        }
      ]
    },
    {
      "id": 41,
      "name": "Apple II",
      "slug": "apple-ii",
      "games_count": 423,
      "image_background": "https://media.rawg.io/media/screenshots/5ad/5adb88d1c6b9fc4fde1f372c9b6e451b.jpg",
      "image": null,
      "year_start": null,
      "year_end": null,
      "games": [
        {
          "id": 30119,
          "slug": "wasteland",
          "name": "Wasteland",
          "added": 1933
        },
        {
          "id": 54122,
          "slug": "ultima-4-quest-of-the-avatar",
          "name": "Ultima IV: Quest of the Avatar",
          "added": 1729
        },
        {
          "id": 22991,
          "slug": "akalabeth-world-of-doom-2",
          "name": "Akalabeth: World of Doom",
          "added": 1124
        },
        {
          "id": 29908,
          "slug": "another-world",
          "name": "Another World",
          "added": 735
        },
        {
          "id": 24881,
          "slug": "pac-man",
          "name": "Pac-Man",
          "added": 652
        },
        {
          "id": 45957,
          "slug": "prince-of-persia-nes",
          "name": "Prince of Persia (1989)",
          "added": 510
        }
      ]
    },
    {
      "id": 166,
      "name": "Commodore / Amiga",
      "slug": "commodore-amiga",
      "games_count": 2061,
      "image_background": "https://media.rawg.io/media/screenshots/5f2/5f220ba5dc7124acd0ff2ddb2c88883c.jpg",
      "image": null,
      "year_start": null,
      "year_end": null,
      "games": [
        {
          "id": 20569,
          "slug": "ufo-enemy-unknown",
          "name": "X-COM: UFO Defense",
          "added": 3026
        },
        {
          "id": 54491,
          "slug": "quake",
          "name": "Quake",
          "added": 2590
        },
        {
          "id": 22734,
          "slug": "beneath-a-steel-sky",
          "name": "Beneath a Steel Sky",
          "added": 2095
        },
        {
          "id": 54492,
          "slug": "quake-2",
          "name": "Quake II",
          "added": 2037
        },
        {
          "id": 30119,
          "slug": "wasteland",
          "name": "Wasteland",
          "added": 1933
        },
        {
          "id": 5383,
          "slug": "worms",
          "name": "Worms",
          "added": 1779
        }
      ]
    },
    {
      "id": 28,
      "name": "Atari 7800",
      "slug": "atari-7800",
      "games_count": 64,
      "image_background": "https://media.rawg.io/media/screenshots/565/56504b28b184dbc630a7de118e39d822.jpg",
      "image": null,
      "year_start": null,
      "year_end": null,
      "games": [
        {
          "id": 3802,
          "slug": "double-dragon",
          "name": "Double Dragon",
          "added": 394
        },
        {
          "id": 52512,
          "slug": "arcade-archives-donkey-kong",
          "name": "Donkey Kong",
          "added": 327
        },
        {
          "id": 52434,
          "slug": "mario-bros-1983",
          "name": "Mario Bros. (1983)",
          "added": 242
        },
        {
          "id": 28279,
          "slug": "joust",
          "name": "Joust",
          "added": 162
        },
        {
          "id": 52513,
          "slug": "donkey-kong-jr",
          "name": "Donkey Kong Jr.",
          "added": 115
        },
        {
          "id": 53830,
          "slug": "galaga-1981",
          "name": "Galaga (1981)",
          "added": 110
        }
      ]
    },
    {
      "id": 31,
      "name": "Atari 5200",
      "slug": "atari-5200",
      "games_count": 64,
      "image_background": "https://media.rawg.io/media/screenshots/61a/61a60e3ee55941387681eaa59e3becbf.jpg",
      "image": null,
      "year_start": null,
      "year_end": null,
      "games": [
        {
          "id": 24881,
          "slug": "pac-man",
          "name": "Pac-Man",
          "added": 652
        },
        {
          "id": 52434,
          "slug": "mario-bros-1983",
          "name": "Mario Bros. (1983)",
          "added": 242
        },
        {
          "id": 28279,
          "slug": "joust",
          "name": "Joust",
          "added": 162
        },
        {
          "id": 52423,
          "slug": "galaxian",
          "name": "Galaxian",
          "added": 131
        },
        {
          "id": 52444,
          "slug": "space-invaders-1978",
          "name": "Space Invaders (1978)",
          "added": 106
        },
        {
          "id": 52567,
          "slug": "popeye",
          "name": "Popeye",
          "added": 99
        }
      ]
    },
    {
      "id": 23,
      "name": "Atari 2600",
      "slug": "atari-2600",
      "games_count": 286,
      "image_background": "https://media.rawg.io/media/games/23e/23eecccb588a4a9c97f35ebf8f9f00ef.jpg",
      "image": null,
      "year_start": null,
      "year_end": null,
      "games": [
        {
          "id": 24881,
          "slug": "pac-man",
          "name": "Pac-Man",
          "added": 652
        },
        {
          "id": 52623,
          "slug": "tetris-1984",
          "name": "Tetris (1984)",
          "added": 474
        },
        {
          "id": 3802,
          "slug": "double-dragon",
          "name": "Double Dragon",
          "added": 394
        },
        {
          "id": 52512,
          "slug": "arcade-archives-donkey-kong",
          "name": "Donkey Kong",
          "added": 327
        },
        {
          "id": 52434,
          "slug": "mario-bros-1983",
          "name": "Mario Bros. (1983)",
          "added": 242
        },
        {
          "id": 28279,
          "slug": "joust",
          "name": "Joust",
          "added": 162
        }
      ]
    },
    {
      "id": 22,
      "name": "Atari Flashback",
      "slug": "atari-flashback",
      "games_count": 30,
      "image_background": "https://media.rawg.io/media/screenshots/2aa/2aa07f58491e14b0183333f8956bc802.jpg",
      "image": null,
      "year_start": null,
      "year_end": null,
      "games": [
        {
          "id": 53138,
          "slug": "pong-1972",
          "name": "Pong (1972)",
          "added": 85
        },
        {
          "id": 52391,
          "slug": "adventure-game-atari",
          "name": "Adventure",
          "added": 54
        },
        {
          "id": 52563,
          "slug": "pitfall-1982",
          "name": "Pitfall! (1982)",
          "added": 47
        },
        {
          "id": 52402,
          "slug": "breakout-1976",
          "name": "Breakout (1976)",
          "added": 46
        },
        {
          "id": 52436,
          "slug": "missile-command-1980",
          "name": "Missile Command (1980)",
          "added": 40
        },
        {
          "id": 52409,
          "slug": "combat-1977",
          "name": "Combat (1977)",
          "added": 36
        }
      ]
    },
    {
      "id": 25,
      "name": "Atari 8-bit",
      "slug": "atari-8-bit",
      "games_count": 306,
      "image_background": "https://media.rawg.io/media/screenshots/518/5180f00f3d4626c94bdb0259a07a2903.jpg",
      "image": null,
      "year_start": null,
      "year_end": null,
      "games": [
        {
          "id": 54122,
          "slug": "ultima-4-quest-of-the-avatar",
          "name": "Ultima IV: Quest of the Avatar",
          "added": 1729
        },
        {
          "id": 24881,
          "slug": "pac-man",
          "name": "Pac-Man",
          "added": 652
        },
        {
          "id": 52512,
          "slug": "arcade-archives-donkey-kong",
          "name": "Donkey Kong",
          "added": 327
        },
        {
          "id": 52434,
          "slug": "mario-bros-1983",
          "name": "Mario Bros. (1983)",
          "added": 242
        },
        {
          "id": 28279,
          "slug": "joust",
          "name": "Joust",
          "added": 162
        },
        {
          "id": 25161,
          "slug": "lode-runner",
          "name": "Lode Runner",
          "added": 141
        }
      ]
    },
    {
      "id": 34,
      "name": "Atari ST",
      "slug": "atari-st",
      "games_count": 836,
      "image_background": "https://media.rawg.io/media/screenshots/101/1015fe740ce5654eb97c9140f6da3c3e.jpg",
      "image": null,
      "year_start": null,
      "year_end": null,
      "games": [
        {
          "id": 54122,
          "slug": "ultima-4-quest-of-the-avatar",
          "name": "Ultima IV: Quest of the Avatar",
          "added": 1729
        },
        {
          "id": 22733,
          "slug": "lure-of-the-temptress",
          "name": "Lure of the Temptress",
          "added": 1420
        },
        {
          "id": 29908,
          "slug": "another-world",
          "name": "Another World",
          "added": 735
        },
        {
          "id": 16122,
          "slug": "loom",
          "name": "LOOM",
          "added": 629
        },
        {
          "id": 31542,
          "slug": "indiana-jones-and-the-last-crusade",
          "name": "Indiana Jones and the Last Crusade: The Graphic Adventure",
          "added": 598
        },
        {
          "id": 45957,
          "slug": "prince-of-persia-nes",
          "name": "Prince of Persia (1989)",
          "added": 510
        }
      ]
    },
    {
      "id": 46,
      "name": "Atari Lynx",
      "slug": "atari-lynx",
      "games_count": 56,
      "image_background": "https://media.rawg.io/media/screenshots/575/575b2838392ed177dd7d2c734c682f93.jpg",
      "image": null,
      "year_start": null,
      "year_end": null,
      "games": [
        {
          "id": 29391,
          "slug": "eye-of-the-beholder",
          "name": "Eye of the Beholder",
          "added": 931
        },
        {
          "id": 3802,
          "slug": "double-dragon",
          "name": "Double Dragon",
          "added": 394
        },
        {
          "id": 30501,
          "slug": "chips-challenge",
          "name": "Chip's Challenge",
          "added": 312
        },
        {
          "id": 53467,
          "slug": "paperboy",
          "name": "Paperboy",
          "added": 172
        },
        {
          "id": 29371,
          "slug": "batman-returns",
          "name": "Batman Returns",
          "added": 85
        },
        {
          "id": 52438,
          "slug": "ms-pac-man",
          "name": "Ms. Pac-Man",
          "added": 83
        }
      ]
    },
    {
      "id": 50,
      "name": "Atari XEGS",
      "slug": "atari-xegs",
      "games_count": 22,
      "image_background": "https://media.rawg.io/media/screenshots/769/7691726d70c23c029903df08858df001.jpg",
      "image": null,
      "year_start": null,
      "year_end": null,
      "games": [
        {
          "id": 52512,
          "slug": "arcade-archives-donkey-kong",
          "name": "Donkey Kong",
          "added": 327
        },
        {
          "id": 52434,
          "slug": "mario-bros-1983",
          "name": "Mario Bros. (1983)",
          "added": 242
        },
        {
          "id": 34571,
          "slug": "lode-runner-1983",
          "name": "Lode Runner (1983)",
          "added": 108
        },
        {
          "id": 53687,
          "slug": "archon-the-light-and-the-dark",
          "name": "Archon: The Light and the Dark",
          "added": 12
        },
        {
          "id": 52605,
          "slug": "summer-games",
          "name": "Summer Games",
          "added": 13
        },
        {
          "id": 52413,
          "slug": "crossbow",
          "name": "Crossbow",
          "added": 14
        }
      ]
    },
    {
      "id": 167,
      "name": "Genesis",
      "slug": "genesis",
      "games_count": 829,
      "image_background": "https://media.rawg.io/media/games/2b8/2b84ebf750b74dc4a35b62c0da526b86.jpg",
      "image": null,
      "year_start": null,
      "year_end": null,
      "games": [
        {
          "id": 5383,
          "slug": "worms",
          "name": "Worms",
          "added": 1779
        },
        {
          "id": 54285,
          "slug": "mortal-kombat",
          "name": "Mortal Kombat",
          "added": 1637
        },
        {
          "id": 52175,
          "slug": "battletoads",
          "name": "Battletoads",
          "added": 1534
        },
        {
          "id": 53551,
          "slug": "sonic-the-hedgehog",
          "name": "Sonic the Hedgehog (1991)",
          "added": 1332
        },
        {
          "id": 2552,
          "slug": "sonic-the-hedgehog-2",
          "name": "Sonic the Hedgehog 2",
          "added": 1179
        },
        {
          "id": 4678,
          "slug": "streets-of-rage-2",
          "name": "Streets of Rage 2",
          "added": 836
        }
      ]
    },
    {
      "id": 107,
      "name": "SEGA Saturn",
      "slug": "sega-saturn",
      "games_count": 330,
      "image_background": "https://media.rawg.io/media/screenshots/d2a/d2a67fc84413d5341408da527e7dde60.jpg",
      "image": null,
      "year_start": null,
      "year_end": null,
      "games": [
        {
          "id": 54491,
          "slug": "quake",
          "name": "Quake",
          "added": 2590
        },
        {
          "id": 28300,
          "slug": "nights-into-dreams",
          "name": "NiGHTS into dreams...",
          "added": 2156
        },
        {
          "id": 5383,
          "slug": "worms",
          "name": "Worms",
          "added": 1779
        },
        {
          "id": 52790,
          "slug": "castlevania-sotn",
          "name": "Castlevania: Symphony of the Night",
          "added": 1438
        },
        {
          "id": 52884,
          "slug": "doom-2",
          "name": "DOOM",
          "added": 1240
        },
        {
          "id": 56183,
          "slug": "resident-evil-2002",
          "name": "Resident Evil (2002)",
          "added": 1089
        }
      ]
    },
    {
      "id": 119,
      "name": "SEGA CD",
      "slug": "sega-cd",
      "games_count": 159,
      "image_background": "https://media.rawg.io/media/screenshots/72d/72d2cdf485c2ca9d4ebe44fd55bdf872.jpg",
      "image": null,
      "year_start": null,
      "year_end": null,
      "games": [
        {
          "id": 1559,
          "slug": "sonic-cd",
          "name": "Sonic CD",
          "added": 1969
        },
        {
          "id": 54285,
          "slug": "mortal-kombat",
          "name": "Mortal Kombat",
          "added": 1637
        },
        {
          "id": 29391,
          "slug": "eye-of-the-beholder",
          "name": "Eye of the Beholder",
          "added": 931
        },
        {
          "id": 25663,
          "slug": "earthworm-jim",
          "name": "Earthworm Jim",
          "added": 622
        },
        {
          "id": 45957,
          "slug": "prince-of-persia-nes",
          "name": "Prince of Persia (1989)",
          "added": 510
        },
        {
          "id": 29839,
          "slug": "the-secret-of-monkey-island",
          "name": "The Secret of Monkey Island",
          "added": 315
        }
      ]
    },
    {
      "id": 117,
      "name": "SEGA 32X",
      "slug": "sega-32x",
      "games_count": 46,
      "image_background": "https://media.rawg.io/media/screenshots/f12/f1290d54a99f637def413baa6642fa0c.jpg",
      "image": null,
      "year_start": null,
      "year_end": null,
      "games": [
        {
          "id": 52884,
          "slug": "doom-2",
          "name": "DOOM",
          "added": 1240
        },
        {
          "id": 29426,
          "slug": "mortal-kombat-2",
          "name": "Mortal Kombat 2",
          "added": 395
        },
        {
          "id": 53781,
          "slug": "darkwing-duck",
          "name": "Disney's Darkwing Duck",
          "added": 195
        },
        {
          "id": 32519,
          "slug": "wwf-wrestlemania-the-arcade-game",
          "name": "WWF WrestleMania: The Arcade Game",
          "added": 112
        },
        {
          "id": 32252,
          "slug": "blackthorne",
          "name": "Blackthorne",
          "added": 67
        },
        {
          "id": 30645,
          "slug": "primal-rage",
          "name": "Primal Rage",
          "added": 65
        }
      ]
    },
    {
      "id": 74,
      "name": "SEGA Master System",
      "slug": "sega-master-system",
      "games_count": 218,
      "image_background": "https://media.rawg.io/media/screenshots/49a/49a7e1cc472429260841961440572bfa.jpg",
      "image": null,
      "year_start": null,
      "year_end": null,
      "games": [
        {
          "id": 54122,
          "slug": "ultima-4-quest-of-the-avatar",
          "name": "Ultima IV: Quest of the Avatar",
          "added": 1729
        },
        {
          "id": 54285,
          "slug": "mortal-kombat",
          "name": "Mortal Kombat",
          "added": 1637
        },
        {
          "id": 4678,
          "slug": "streets-of-rage-2",
          "name": "Streets of Rage 2",
          "added": 836
        },
        {
          "id": 914,
          "slug": "wonder-boy-the-dragons-trap",
          "name": "Wonder Boy: The Dragon's Trap",
          "added": 681
        },
        {
          "id": 53207,
          "slug": "comix-zone-1995",
          "name": "Comix Zone",
          "added": 672
        },
        {
          "id": 25663,
          "slug": "earthworm-jim",
          "name": "Earthworm Jim",
          "added": 622
        }
      ]
    },
    {
      "id": 106,
      "name": "Dreamcast",
      "slug": "dreamcast",
      "games_count": 346,
      "image_background": "https://media.rawg.io/media/screenshots/2be/2be684e719a764934155037f0b54ab48.jpg",
      "image": null,
      "year_start": null,
      "year_end": null,
      "games": [
        {
          "id": 18080,
          "slug": "half-life",
          "name": "Half-Life",
          "added": 8184
        },
        {
          "id": 19542,
          "slug": "half-life-blue-shift",
          "name": "Half-Life: Blue Shift",
          "added": 5345
        },
        {
          "id": 5159,
          "slug": "resident-evil-2",
          "name": "Resident Evil 2 (1998)",
          "added": 4897
        },
        {
          "id": 53341,
          "slug": "jet-set-radio-2012",
          "name": "Jet Set Radio",
          "added": 4514
        },
        {
          "id": 20466,
          "slug": "worms-armageddon",
          "name": "Worms Armageddon",
          "added": 2488
        },
        {
          "id": 54629,
          "slug": "crazy-taxi",
          "name": "Crazy Taxi (1999)",
          "added": 2288
        }
      ]
    },
    {
      "id": 111,
      "name": "3DO",
      "slug": "3do",
      "games_count": 92,
      "image_background": "https://media.rawg.io/media/screenshots/b45/b452e9b20e969a64d0088ae467d1dcab.jpg",
      "image": null,
      "year_start": null,
      "year_end": null,
      "games": [
        {
          "id": 4005,
          "slug": "wolfenstein-3d",
          "name": "Wolfenstein 3D",
          "added": 1533
        },
        {
          "id": 52884,
          "slug": "doom-2",
          "name": "DOOM",
          "added": 1240
        },
        {
          "id": 29908,
          "slug": "another-world",
          "name": "Another World",
          "added": 735
        },
        {
          "id": 4377,
          "slug": "myst",
          "name": "Myst",
          "added": 382
        },
        {
          "id": 5498,
          "slug": "lemmings",
          "name": "Lemmings",
          "added": 278
        },
        {
          "id": 15512,
          "slug": "alone-in-the-dark-1",
          "name": "Alone in the Dark 1",
          "added": 268
        }
      ]
    },
    {
      "id": 112,
      "name": "Jaguar",
      "slug": "jaguar",
      "games_count": 37,
      "image_background": "https://media.rawg.io/media/screenshots/7dd/7dd630a9b38257450b53099932d3047d.jpg",
      "image": null,
      "year_start": null,
      "year_end": null,
      "games": [
        {
          "id": 5383,
          "slug": "worms",
          "name": "Worms",
          "added": 1779
        },
        {
          "id": 4005,
          "slug": "wolfenstein-3d",
          "name": "Wolfenstein 3D",
          "added": 1533
        },
        {
          "id": 52884,
          "slug": "doom-2",
          "name": "DOOM",
          "added": 1240
        },
        {
          "id": 29908,
          "slug": "another-world",
          "name": "Another World",
          "added": 735
        },
        {
          "id": 4377,
          "slug": "myst",
          "name": "Myst",
          "added": 382
        },
        {
          "id": 5463,
          "slug": "rayman",
          "name": "Rayman",
          "added": 256
        }
      ]
    },
    {
      "id": 77,
      "name": "Game Gear",
      "slug": "game-gear",
      "games_count": 206,
      "image_background": "https://media.rawg.io/media/screenshots/be2/be2a71bfbcb742306eee40fdfc6e6948.jpg",
      "image": null,
      "year_start": null,
      "year_end": null,
      "games": [
        {
          "id": 54285,
          "slug": "mortal-kombat",
          "name": "Mortal Kombat",
          "added": 1637
        },
        {
          "id": 52175,
          "slug": "battletoads",
          "name": "Battletoads",
          "added": 1534
        },
        {
          "id": 53551,
          "slug": "sonic-the-hedgehog",
          "name": "Sonic the Hedgehog (1991)",
          "added": 1332
        },
        {
          "id": 2552,
          "slug": "sonic-the-hedgehog-2",
          "name": "Sonic the Hedgehog 2",
          "added": 1179
        },
        {
          "id": 4678,
          "slug": "streets-of-rage-2",
          "name": "Streets of Rage 2",
          "added": 836
        },
        {
          "id": 24881,
          "slug": "pac-man",
          "name": "Pac-Man",
          "added": 652
        }
      ]
    },
    {
      "id": 12,
      "name": "Neo Geo",
      "slug": "neogeo",
      "games_count": 112,
      "image_background": "https://media.rawg.io/media/screenshots/376/37615916fcf837a09edd66829973fb0a.jpg",
      "image": null,
      "year_start": null,
      "year_end": null,
      "games": [
        {
          "id": 1488,
          "slug": "metal-slug-3",
          "name": "METAL SLUG 3",
          "added": 2233
        },
        {
          "id": 14948,
          "slug": "metal-slug",
          "name": "METAL SLUG",
          "added": 931
        },
        {
          "id": 23669,
          "slug": "the-king-of-fighters-2002",
          "name": "THE KING OF FIGHTERS 2002",
          "added": 744
        },
        {
          "id": 24881,
          "slug": "pac-man",
          "name": "Pac-Man",
          "added": 652
        },
        {
          "id": 6256,
          "slug": "metal-slug-2",
          "name": "METAL SLUG 2",
          "added": 588
        },
        {
          "id": 3802,
          "slug": "double-dragon",
          "name": "Double Dragon",
          "added": 394
        }
      ]
    }
  ]
}