{
  "id": 3498,
  "slug": "grand-theft-auto-v",
  "name": "Grand Theft Auto V",
  "released": "2013-09-17",
  "tba": false,
  "background_image": "https://media.rawg.io/media/games/456/456dea5e1c7e3cd07060c14e96612001.jpg",
  "rating": 4.47,
  "rating_top": 5,
  "ratings": [
    {
      "id": 5,
      "title": "exceptional",
      "count": 3509,
      "percent": 59.01
    },
    {
      "id": 4,
      "title": "recommended",
      "count": 1947,
      "percent": 32.74
    },
    {
      "id": 3,
      "title": "meh",
      "count": 384,
      "percent": 6.46
    },
    {
      "id": 1,
      "title": "skip",
      "count": 106,
      "percent": 1.78
    }
  ],
  "ratings_count": 5871,
  "reviews_text_count": 43,
  "added": 17962,
  "added_by_status": {
    "yet": 457,
    "owned": 10488,
    "beaten": 4934,
    "toplay": 527,
    "dropped": 906,
    "playing": 650
  },
  "metacritic": 91,
  "playtime": 72,
  "suggestions_count": 411,
  "updated": "2022-09-08T04:23:52",
  "user_game": null,
  "reviews_count": 5946,
  "saturated_color": "0f0f0f",
  "dominant_color": "0f0f0f",
  "platforms": [
    {
      "platform": {
        "id": 4,
        "name": "PC",
        "slug": "pc",
        "image": null,
        "year_end": null,
        "year_start": null,
        "games_count": 477173,
        "image_background": "https://media.rawg.io/media/games/b7d/b7d3f1715fa8381a4e780173a197a615.jpg"
      },
      "released_at": "2013-09-17",
      "requirements_en": {
        "minimum": "Minimum:OS: Windows 10 64 Bit, Windows 8.1 64 Bit, Windows 8 64 Bit, Windows 7 64 Bit Service Pack 1, Windows Vista 64 Bit Service Pack 2* (*NVIDIA video card recommended if running Vista OS)Processor: Intel Core 2 Quad CPU Q6600 @ 2.40GHz (4 CPUs) / AMD Phenom 9850 Quad-Core Processor (4 CPUs) @ 2.5GHzMemory: 4 GB RAMGraphics: NVIDIA 9800 GT 1GB / AMD HD 4870 1GB (DX 10, 10.1, 11)Storage: 72 GB available spaceSound Card: 100% DirectX 10 compatibleAdditional Notes: Over time downloadable content and programming changes will change the system requirements for this game.  Please refer to your hardware manufacturer and www.rockstargames.com/support for current compatibility information. Some system components such as mobile chipsets, integrated, and AGP graphics cards may be incompatible. Unlisted specifications may not be supported by publisher.     Other requirements:  Installation and online play requires log-in to Rockstar Games Social Club (13+) network; internet connection required for activation, online play, and periodic entitlement verification; software installations required including Rockstar Games Social Club platform, DirectX , Chromium, and Microsoft Visual C++ 2008 sp1 Redistributable Package, and authentication software that recognizes certain hardware attributes for entitlement, digital rights management, system, and other support purposes.     SINGLE USE SERIAL CODE REGISTRATION VIA INTERNET REQUIRED; REGISTRATION IS LIMITED TO ONE ROCKSTAR GAMES SOCIAL CLUB ACCOUNT (13+) PER SERIAL CODE; ONLY ONE PC LOG-IN ALLOWED PER SOCIAL CLUB ACCOUNT AT ANY TIME; SERIAL CODE(S) ARE NON-TRANSFERABLE ONCE USED; SOCIAL CLUB ACCOUNTS ARE NON-TRANSFERABLE.  Partner Requirements:  Please check the terms of service of this site before purchasing this software.",
        "recommended": "Recommended:OS: Windows 10 64 Bit, Windows 8.1 64 Bit, Windows 8 64 Bit, Windows 7 64 Bit Service Pack 1Processor: Intel Core i5 3470 @ 3.2GHz (4 CPUs) / AMD X8 FX-8350 @ 4GHz (8 CPUs)Memory: 8 GB RAMGraphics: NVIDIA GTX 660 2GB / AMD HD 7870 2GBStorage: 72 GB available spaceSound Card: 100% DirectX 10 compatibleAdditional Notes:"
      },
      "requirements_ru": null
    },
    {
      "platform": {
        "id": 186,
        "name": "Xbox Series S/X",
        "slug": "xbox-series-x",
        "image": null,
        "year_end": null,
        "year_start": 2020,
        "games_count": 590,
        "image_background": "https://media.rawg.io/media/games/26d/26d4437715bee60138dab4a7c8c59c92.jpg"
      },
      "released_at": "2013-09-17",
      "requirements_en": null,
      "requirements_ru": null
    },
    {
      "platform": {
        "id": 18,
        "name": "PlayStation 4",
        "slug": "playstation4",
        "image": null,
        "year_end": null,
        "year_start": null,
        "games_count": 6454,
        "image_background": "https://media.rawg.io/media/games/310/3106b0e012271c5ffb16497b070be739.jpg"
      },
      "released_at": "2013-09-17",
      "requirements_en": null,
      "requirements_ru": null
    },
    {
      "platform": {
        "id": 16,
        "name": "PlayStation 3",
        "slug": "playstation3",
        "image": null,
        "year_end": null,
        "year_start": null,
        "games_count": 3584,
        "image_background": "https://media.rawg.io/media/games/456/456dea5e1c7e3cd07060c14e96612001.jpg"
      },
      "released_at": "2013-09-17",
      "requirements_en": null,
      "requirements_ru": null
    },
    {
      "platform": {
        "id": 14,
        "name": "Xbox 360",
        "slug": "xbox360",
        "image": null,
        "year_end": null,
        "year_start": null,
        "games_count": 2774,
        "image_background": "https://media.rawg.io/media/games/562/562553814dd54e001a541e4ee83a591c.jpg"
      },
      "released_at": "2013-09-17",
      "requirements_en": null,
      "requirements_ru": null
    },
    {
      "platform": {
        "id": 1,
        "name": "Xbox One",
        "slug": "xbox-one",
        "image": null,
        "year_end": null,
        "year_start": null,
        "games_count": 5375,
        "image_background": "https://media.rawg.io/media/games/bc0/bc06a29ceac58652b684deefe7d56099.jpg"
      },
      "released_at": "2013-09-17",
      "requirements_en": null,
      "requirements_ru": null
    },
    {
      "platform": {
        "id": 187,
        "name": "PlayStation 5",
        "slug": "playstation5",
        "image": null,
        "year_end": null,
        "year_start": 2020,
        "games_count": 655,
        "image_background": "https://media.rawg.io/media/games/de6/de66bc4c72b45c3bb906c85d0628112d.jpg"
      },
      "released_at": "2013-09-17",
      "requirements_en": null,
      "requirements_ru": null
    }
  ],
  "parent_platforms": [
    {
      "platform": {
        "id": 1,
        "name": "PC",
        "slug": "pc"
      }
    },
    {
      "platform": {
        "id": 2,
        "name": "PlayStation",
        "slug": "playstation"
      }
    },
    {
      "platform": {
        "id": 3,
        "name": "Xbox",
        "slug": "xbox"
      }
    }
  ],
  "genres": [
    {
      "id": 4,
      "name": "Action",
      "slug": "action",
      "games_count": 160371,
      "image_background": "https://media.rawg.io/media/games/b45/b45575f34285f2c4479c9a5f719d972e.jpg"
    },
    {
      "id": 3,
      "name": "Adventure",
      "slug": "adventure",
      "games_count": 121695,
      "image_background": "https://media.rawg.io/media/games/960/960b601d9541cec776c5fa42a00bf6c4.jpg"
    }
  ],
  "stores": [
    {
      "id": 290375,
      "store": {
        "id": 3,
        "name": "PlayStation Store",
        "slug": "playstation-store",
        "domain": "store.playstation.com",
        "games_count": 7787,
        "image_background": "https://media.rawg.io/media/games/942/9424d6bb763dc38d9378b488603c87fa.jpg"
      }
    },
    {
      "id": 438095,
      "store": {
        "id": 11,
        "name": "Epic Games",
        "slug": "epic-games",
        "domain": "epicgames.com",
        "games_count": 1078,
        "image_background": "https://media.rawg.io/media/games/4e0/4e0e7b6d6906a131307c94266e5c9a1c.jpg"
      }
    },
    {
      "id": 290376,
      "store": {
        "id": 1,
        "name": "Steam",
        "slug": "steam",
        "domain": "store.steampowered.com",
        "games_count": 66492,
        "image_background": "https://media.rawg.io/media/games/83f/83f6f70a7c1b86cd2637b029d8b42caa.jpg"
      }
    },
    {
      "id": 290377,
      "store": {
        "id": 7,
        "name": "Xbox 360 Store",
        "slug": "xbox360",
        "domain": "marketplace.xbox.com",
        "games_count": 1915,
        "image_background": "https://media.rawg.io/media/games/120/1201a40e4364557b124392ee50317b99.jpg"
      }
    },
    {
      "id": 290378,
      "store": {
        "id": 2,
        "name": "Xbox Store",
        "slug": "xbox-store",
        "domain": "microsoft.com",
        "games_count": 4744,
        "image_background": "https://media.rawg.io/media/games/34b/34b1f1850a1c06fd971bc6ab3ac0ce0e.jpg"
      }
    }
  ],
  "clip": null,
  "tags": [
    {
      "id": 31,
      "name": "Singleplayer",
      "slug": "singleplayer",
      "language": "eng",
      "games_count": 180326,
      "image_background": "https://media.rawg.io/media/games/d58/d588947d4286e7b5e0e12e1bea7d9844.jpg"
    },
    {
      "id": 40847,
      "name": "Steam Achievements",
      "slug": "steam-achievements",
      "language": "eng",
      "games_count": 27039,
      "image_background": "https://media.rawg.io/media/games/f46/f466571d536f2e3ea9e815ad17177501.jpg"
    },
    {
      "id": 7,
      "name": "Multiplayer",
      "slug": "multiplayer",
      "language": "eng",
      "games_count": 32583,
      "image_background": "https://media.rawg.io/media/games/73e/73eecb8909e0c39fb246f457b5d6cbbe.jpg"
    },
    {
      "id": 13,
      "name": "Atmospheric",
      "slug": "atmospheric",
      "language": "eng",
      "games_count": 24329,
      "image_background": "https://media.rawg.io/media/games/4a0/4a0a1316102366260e6f38fd2a9cfdce.jpg"
    },
    {
      "id": 40836,
      "name": "Full controller support",
      "slug": "full-controller-support",
      "language": "eng",
      "games_count": 12620,
      "image_background": "https://media.rawg.io/media/games/562/562553814dd54e001a541e4ee83a591c.jpg"
    },
    {
      "id": 42,
      "name": "Great Soundtrack",
      "slug": "great-soundtrack",
      "language": "eng",
      "games_count": 3211,
      "image_background": "https://media.rawg.io/media/games/456/456dea5e1c7e3cd07060c14e96612001.jpg"
    },
    {
      "id": 24,
      "name": "RPG",
      "slug": "rpg",
      "language": "eng",
      "games_count": 15213,
      "image_background": "https://media.rawg.io/media/games/157/15742f2f67eacff546738e1ab5c19d20.jpg"
    },
    {
      "id": 18,
      "name": "Co-op",
      "slug": "co-op",
      "language": "eng",
      "games_count": 8810,
      "image_background": "https://media.rawg.io/media/games/456/456dea5e1c7e3cd07060c14e96612001.jpg"
    },
    {
      "id": 36,
      "name": "Open World",
      "slug": "open-world",
      "language": "eng",
      "games_count": 5450,
      "image_background": "https://media.rawg.io/media/games/849/849414b978db37d4563ff9e4b0d3a787.jpg"
    },
    {
      "id": 411,
      "name": "cooperative",
      "slug": "cooperative",
      "language": "eng",
      "games_count": 3562,
      "image_background": "https://media.rawg.io/media/games/d69/d69810315bd7e226ea2d21f9156af629.jpg"
    },
    {
      "id": 8,
      "name": "First-Person",
      "slug": "first-person",
      "language": "eng",
      "games_count": 23941,
      "image_background": "https://media.rawg.io/media/games/b8c/b8c243eaa0fbac8115e0cdccac3f91dc.jpg"
    },
    {
      "id": 149,
      "name": "Third Person",
      "slug": "third-person",
      "language": "eng",
      "games_count": 7757,
      "image_background": "https://media.rawg.io/media/games/b7d/b7d3f1715fa8381a4e780173a197a615.jpg"
    },
    {
      "id": 4,
      "name": "Funny",
      "slug": "funny",
      "language": "eng",
      "games_count": 20120,
      "image_background": "https://media.rawg.io/media/games/a3c/a3c529a12c896c0ef02db5b4741de2ba.jpg"
    },
    {
      "id": 37,
      "name": "Sandbox",
      "slug": "sandbox",
      "language": "eng",
      "games_count": 5218,
      "image_background": "https://media.rawg.io/media/games/879/879c930f9c6787c920153fa2df452eb3.jpg"
    },
    {
      "id": 123,
      "name": "Comedy",
      "slug": "comedy",
      "language": "eng",
      "games_count": 9591,
      "image_background": "https://media.rawg.io/media/games/0be/0bea0a08a4d954337305391b778a7f37.jpg"
    },
    {
      "id": 150,
      "name": "Third-Person Shooter",
      "slug": "third-person-shooter",
      "language": "eng",
      "games_count": 2512,
      "image_background": "https://media.rawg.io/media/games/16b/16b1b7b36e2042d1128d5a3e852b3b2f.jpg"
    },
    {
      "id": 62,
      "name": "Moddable",
      "slug": "moddable",
      "language": "eng",
      "games_count": 712,
      "image_background": "https://media.rawg.io/media/games/995/9951d9d55323d08967640f7b9ab3e342.jpg"
    },
    {
      "id": 144,
      "name": "Crime",
      "slug": "crime",
      "language": "eng",
      "games_count": 2339,
      "image_background": "https://media.rawg.io/media/games/73e/73eecb8909e0c39fb246f457b5d6cbbe.jpg"
    },
    {
      "id": 62349,
      "name": "vr mod",
      "slug": "vr-mod",
      "language": "eng",
      "games_count": 17,
      "image_background": "https://media.rawg.io/media/screenshots/1bb/1bb3f78f0fe43b5d5ca2f3da5b638840.jpg"
    }
  ],
  "esrb_rating": {
    "id": 4,
    "name": "Mature",
    "slug": "mature"
  },
  "short_screenshots": [
    {
      "id": -1,
      "image": "https://media.rawg.io/media/games/456/456dea5e1c7e3cd07060c14e96612001.jpg"
    },
    {
      "id": 1827221,
      "image": "https://media.rawg.io/media/screenshots/a7c/a7c43871a54bed6573a6a429451564ef.jpg"
    },
    {
      "id": 1827222,
      "image": "https://media.rawg.io/media/screenshots/cf4/cf4367daf6a1e33684bf19adb02d16d6.jpg"
    },
    {
      "id": 1827223,
      "image": "https://media.rawg.io/media/screenshots/f95/f9518b1d99210c0cae21fc09e95b4e31.jpg"
    },
    {
      "id": 1827225,
      "image": "https://media.rawg.io/media/screenshots/a5c/a5c95ea539c87d5f538763e16e18fb99.jpg"
    },
    {
      "id": 1827226,
      "image": "https://media.rawg.io/media/screenshots/a7e/a7e990bc574f4d34e03b5926361d1ee7.jpg"
    },
    {
      "id": 1827227,
      "image": "https://media.rawg.io/media/screenshots/592/592e2501d8734b802b2a34fee2df59fa.jpg"
    }
  ]
}